[
    {
        "model": "core.person",
        "pk": 1,
        "fields": {
            "last_name": "Harris",
            "first_name": "Xander",
            "courses": [
                1,
                3
            ]
        }
    },
    {
        "model": "core.person",
        "pk": 3,
        "fields": {
            "last_name": "Rosenberg",
            "first_name": "Willow",
            "courses": [
                1,
                2,
                3
            ]
        }
    },
    {
        "model": "core.person",
        "pk": 16,
        "fields": {
            "last_name": "Summers",
            "first_name": "Buffy",
            "courses": [
                1,
                2,
                3
            ]
        }
    },
    {
        "model": "core.course",
        "pk": 1,
        "fields": {
            "name": "CompSci G11",
            "year": 1998
        }
    },
    {
        "model": "core.course",
        "pk": 2,
        "fields": {
            "name": "Psych 101",
            "year": 1999
        }
    },
    {
        "model": "core.course",
        "pk": 3,
        "fields": {
            "name": "Library Science G10",
            "year": 1997
        }
    },
    {
        "model": "core.grade",
        "pk": 1,
        "fields": {
            "person": 16,
            "grade": 68,
            "course": 1
        }
    },
    {
        "model": "core.grade",
        "pk": 2,
        "fields": {
            "person": 16,
            "grade": 87,
            "course": 2
        }
    },
    {
        "model": "core.grade",
        "pk": 3,
        "fields": {
            "person": 16,
            "grade": 76,
            "course": 3
        }
    },
    {
        "model": "core.grade",
        "pk": 4,
        "fields": {
            "person": 1,
            "grade": 58,
            "course": 1
        }
    },
    {
        "model": "core.grade",
        "pk": 5,
        "fields": {
            "person": 1,
            "grade": 58,
            "course": 3
        }
    },
    {
        "model": "core.grade",
        "pk": 6,
        "fields": {
            "person": 3,
            "grade": 98,
            "course": 3
        }
    },
    {
        "model": "core.grade",
        "pk": 7,
        "fields": {
            "person": 3,
            "grade": 97,
            "course": 2
        }
    }
]