[
    {
        "model": "core.person",
        "pk": 1,
        "fields": {
            "last_name": "Kulkarni",
            "first_name": "Onkar",
            "courses": [
                1,
                3
            ]
        }
    },
    {
        "model": "core.person",
        "pk": 3,
        "fields": {
            "last_name": "wagre",
            "first_name": "abhay",
            "courses": [
                1,
                2,
                3
            ]
        }
    },
    {
        "model": "core.person",
        "pk": 16,
        "fields": {
            "last_name": "Gardi",
            "first_name": "Nikhil",
            "courses": [
                1,
                2,
                3
            ]
        }
    },
    {
        "model": "core.course",
        "pk": 1,
        "fields": {
            "name": "Python django 202",
            "year": 2019
        }
    },
    {
        "model": "core.course",
        "pk": 2,
        "fields": {
            "name": "Data structure 193",
            "year": 2018
        }
    },
    {
        "model": "core.course",
        "pk": 3,
        "fields": {
            "name": "PHP 369",
            "year": 2020
        }
    },
    {
        "model": "core.grade",
        "pk": 1,
        "fields": {
            "person": 16,
            "grade": 85,
            "course": 1
        }
    },
    {
        "model": "core.grade",
        "pk": 2,
        "fields": {
            "person": 16,
            "grade": 91,
            "course": 2
        }
    },
    {
        "model": "core.grade",
        "pk": 3,
        "fields": {
            "person": 16,
            "grade": 76,
            "course": 3
        }
    },
    {
        "model": "core.grade",
        "pk": 4,
        "fields": {
            "person": 1,
            "grade": 69,
            "course": 1
        }
    },
    {
        "model": "core.grade",
        "pk": 5,
        "fields": {
            "person": 1,
            "grade": 48,
            "course": 3
        }
    },
    {
        "model": "core.grade",
        "pk": 6,
        "fields": {
            "person": 3,
            "grade": 88,
            "course": 3
        }
    },
    {
        "model": "core.grade",
        "pk": 7,
        "fields": {
            "person": 3,
            "grade": 72,
            "course": 2
        }
    }
]